{"cameraMode":{"drawMode":0,"name":"Shaded","section":"Shading Mode"},"sceneLighting":true,"audioPlay":false,"sceneViewState":{"m_AlwaysRefresh":false,"showFog":true,"showSkybox":true,"showFlares":true,"showImageEffects":true,"showParticleSystems":true,"showVisualEffectGraphs":true,"m_FxEnabled":true},"in2DMode":false,"pivot":{"x":0.005000114440917969,"y":1.6319999694824219,"z":0.20300006866455079},"rotation":{"x":0.15464583039283753,"y":0.7596646547317505,"z":-0.19559352099895478,"w":0.6006237268447876},"size":2.6254172325134279,"orthographic":true}